algo,rho,iters,res_norm,train_time,mv_mult,k,min_size,max_size,block_size,tol,accuracy,nfold,extra_time
FDA subspace,-1,19,6.30256482481168e-07,0.1563265,22,2,4,8,1,1e-06,0.844333333333333,1,14.7228566
FDA subspace,-1,10,5.62165111102853e-07,0.0907227,22,2,4,8,2,1e-06,0.844333333333333,1,14.7228566
TR subspace,1.42085233869073,21,8.13680042504785e-07,0.1551546,24,2,4,8,1,1e-06,0.844,1,14.7228566
TR subspace,1.42085233869093,10,5.89877627056883e-07,0.0860003,22,2,4,8,2,1e-06,0.844,1,14.7228566
TR KSchur,1.42085233869122,13,2.92181114038922e-09,0.4962927,70,2,4,8,1,1e-06,0.844,1,14.7228566
TR KSchur,1.42085233869121,21,1.07975203166037e-07,0.4430786,102,2,4,8,2,1e-06,0.844,1,14.7228566
FDA subspace,-1,19,7.13334114230166e-07,0.1384892,22,2,4,8,1,1e-06,0.846,2,13.9398658
FDA subspace,-1,10,5.35116873419701e-07,0.1382198,22,2,4,8,2,1e-06,0.846,2,13.9398658
TR subspace,1.41058819216984,22,4.10577501342902e-07,0.150463,25,2,4,8,1,1e-06,0.846,2,13.9398658
TR subspace,1.41058819216963,10,6.04570006389782e-07,0.0798177,22,2,4,8,2,1e-06,0.846,2,13.9398658
TR KSchur,1.41058819216994,13,5.1017729799398e-09,0.4441425,70,2,4,8,1,1e-06,0.846,2,13.9398658
TR KSchur,1.41058819216994,21,1.0640247893791e-07,0.393922,102,2,4,8,2,1e-06,0.846,2,13.9398658
FDA subspace,-1,19,7.13334114230166e-07,0.1386851,22,2,4,8,1,1e-06,0.846,3,14.3331436
FDA subspace,-1,10,5.35116873419701e-07,0.0796185,22,2,4,8,2,1e-06,0.846,3,14.3331436
TR subspace,1.41058819216984,22,4.10577501342902e-07,0.1633153,25,2,4,8,1,1e-06,0.846,3,14.3331436
TR subspace,1.41058819216963,10,6.04570006389782e-07,0.0836054,22,2,4,8,2,1e-06,0.846,3,14.3331436
TR KSchur,1.41058819216994,13,5.1017729799398e-09,0.4491861,70,2,4,8,1,1e-06,0.846,3,14.3331436
TR KSchur,1.41058819216994,21,1.0640247893791e-07,0.4041002,102,2,4,8,2,1e-06,0.846,3,14.3331436
FDA subspace,-1,19,7.13334114230166e-07,0.1399429,22,2,4,8,1,1e-06,0.846,4,14.8158767
FDA subspace,-1,10,5.35116873419701e-07,0.079094,22,2,4,8,2,1e-06,0.846,4,14.8158767
TR subspace,1.41058819216984,22,4.10577501342902e-07,0.2265147,25,2,4,8,1,1e-06,0.846,4,14.8158767
TR subspace,1.41058819216963,10,6.04570006389782e-07,0.0794982,22,2,4,8,2,1e-06,0.846,4,14.8158767
TR KSchur,1.41058819216994,13,5.1017729799398e-09,0.4471642,70,2,4,8,1,1e-06,0.846,4,14.8158767
TR KSchur,1.41058819216994,21,1.0640247893791e-07,0.3984816,102,2,4,8,2,1e-06,0.846,4,14.8158767
FDA subspace,-1,19,7.13334114230166e-07,0.1344099,22,2,4,8,1,1e-06,0.846,5,14.1181197
FDA subspace,-1,10,5.35116873419701e-07,0.1069247,22,2,4,8,2,1e-06,0.846,5,14.1181197
TR subspace,1.41058819216984,22,4.10577501342902e-07,0.1503212,25,2,4,8,1,1e-06,0.846,5,14.1181197
TR subspace,1.41058819216963,10,6.04570006389782e-07,0.0829768,22,2,4,8,2,1e-06,0.846,5,14.1181197
TR KSchur,1.41058819216994,13,5.1017729799398e-09,0.4371577,70,2,4,8,1,1e-06,0.846,5,14.1181197
TR KSchur,1.41058819216994,21,1.0640247893791e-07,0.411517,102,2,4,8,2,1e-06,0.846,5,14.1181197
FDA subspace,-1,19,7.13334114230166e-07,0.1328119,22,2,4,8,1,1e-06,0.846,6,14.0608859
FDA subspace,-1,10,5.35116873419701e-07,0.1026162,22,2,4,8,2,1e-06,0.846,6,14.0608859
TR subspace,1.41058819216984,22,4.10577501342902e-07,0.1505305,25,2,4,8,1,1e-06,0.846,6,14.0608859
TR subspace,1.41058819216963,10,6.04570006389782e-07,0.0794941,22,2,4,8,2,1e-06,0.846,6,14.0608859
TR KSchur,1.41058819216994,13,5.1017729799398e-09,0.4332008,70,2,4,8,1,1e-06,0.846,6,14.0608859
TR KSchur,1.41058819216994,21,1.0640247893791e-07,0.3987438,102,2,4,8,2,1e-06,0.846,6,14.0608859
FDA subspace,-1,19,7.13334114230166e-07,0.1766181,22,2,4,8,1,1e-06,0.846,7,14.6756199
FDA subspace,-1,10,5.35116873419701e-07,0.0833238,22,2,4,8,2,1e-06,0.846,7,14.6756199
TR subspace,1.41058819216984,22,4.10577501342902e-07,0.1510998,25,2,4,8,1,1e-06,0.846,7,14.6756199
TR subspace,1.41058819216963,10,6.04570006389782e-07,0.087771,22,2,4,8,2,1e-06,0.846,7,14.6756199
TR KSchur,1.41058819216994,13,5.1017729799398e-09,0.4390387,70,2,4,8,1,1e-06,0.846,7,14.6756199
TR KSchur,1.41058819216994,21,1.0640247893791e-07,0.3810393,102,2,4,8,2,1e-06,0.846,7,14.6756199
FDA subspace,-1,19,7.13334114230166e-07,0.1502946,22,2,4,8,1,1e-06,0.846,8,14.2626513
FDA subspace,-1,10,5.35116873419701e-07,0.0828135,22,2,4,8,2,1e-06,0.846,8,14.2626513
TR subspace,1.41058819216984,22,4.10577501342902e-07,0.1551708,25,2,4,8,1,1e-06,0.846,8,14.2626513
TR subspace,1.41058819216963,10,6.04570006389782e-07,0.0806022,22,2,4,8,2,1e-06,0.846,8,14.2626513
TR KSchur,1.41058819216994,13,5.1017729799398e-09,0.4465455,70,2,4,8,1,1e-06,0.846,8,14.2626513
TR KSchur,1.41058819216994,21,1.0640247893791e-07,0.3975053,102,2,4,8,2,1e-06,0.846,8,14.2626513
FDA subspace,-1,19,7.13334114230166e-07,0.1467157,22,2,4,8,1,1e-06,0.846,9,14.2894315
FDA subspace,-1,10,5.35116873419701e-07,0.0789076,22,2,4,8,2,1e-06,0.846,9,14.2894315
TR subspace,1.41058819216984,22,4.10577501342902e-07,0.1555298,25,2,4,8,1,1e-06,0.846,9,14.2894315
TR subspace,1.41058819216963,10,6.04570006389782e-07,0.0865562,22,2,4,8,2,1e-06,0.846,9,14.2894315
TR KSchur,1.41058819216994,13,5.1017729799398e-09,0.4323293,70,2,4,8,1,1e-06,0.846,9,14.2894315
TR KSchur,1.41058819216994,21,1.0640247893791e-07,0.3919379,102,2,4,8,2,1e-06,0.846,9,14.2894315
FDA subspace,-1,19,7.13334114230166e-07,0.1944023,22,2,4,8,1,1e-06,0.846,10,14.6745087
FDA subspace,-1,10,5.35116873419701e-07,0.0829351,22,2,4,8,2,1e-06,0.846,10,14.6745087
TR subspace,1.41058819216984,22,4.10577501342902e-07,0.1604414,25,2,4,8,1,1e-06,0.846,10,14.6745087
TR subspace,1.41058819216963,10,6.04570006389782e-07,0.0804087,22,2,4,8,2,1e-06,0.846,10,14.6745087
TR KSchur,1.41058819216994,13,5.1017729799398e-09,0.4402464,70,2,4,8,1,1e-06,0.846,10,14.6745087
TR KSchur,1.41058819216994,21,1.0640247893791e-07,0.4056569,102,2,4,8,2,1e-06,0.846,10,14.6745087
FDA subspace,-1,19,7.13334114230166e-07,0.1362986,22,2,4,8,1,1e-06,0.846,11,14.7985108
FDA subspace,-1,10,5.35116873419701e-07,0.0854176,22,2,4,8,2,1e-06,0.846,11,14.7985108
TR subspace,1.41058819216984,22,4.10577501342902e-07,0.1541696,25,2,4,8,1,1e-06,0.846,11,14.7985108
TR subspace,1.41058819216963,10,6.04570006389782e-07,0.0798862,22,2,4,8,2,1e-06,0.846,11,14.7985108
TR KSchur,1.41058819216994,13,5.1017729799398e-09,0.4576356,70,2,4,8,1,1e-06,0.846,11,14.7985108
TR KSchur,1.41058819216994,21,1.0640247893791e-07,0.4094046,102,2,4,8,2,1e-06,0.846,11,14.7985108
FDA subspace,-1,19,7.13334114230166e-07,0.1630205,22,2,4,8,1,1e-06,0.846,12,14.1178099
FDA subspace,-1,10,5.35116873419701e-07,0.0901033,22,2,4,8,2,1e-06,0.846,12,14.1178099
TR subspace,1.41058819216984,22,4.10577501342902e-07,0.1564689,25,2,4,8,1,1e-06,0.846,12,14.1178099
TR subspace,1.41058819216963,10,6.04570006389782e-07,0.0883692,22,2,4,8,2,1e-06,0.846,12,14.1178099
TR KSchur,1.41058819216994,13,5.1017729799398e-09,0.4521699,70,2,4,8,1,1e-06,0.846,12,14.1178099
TR KSchur,1.41058819216994,21,1.0640247893791e-07,0.3880307,102,2,4,8,2,1e-06,0.846,12,14.1178099
FDA subspace,-1,19,7.13334114230166e-07,0.1715258,22,2,4,8,1,1e-06,0.846,13,14.4902949
FDA subspace,-1,10,5.35116873419701e-07,0.0857052,22,2,4,8,2,1e-06,0.846,13,14.4902949
TR subspace,1.41058819216984,22,4.10577501342902e-07,0.1600322,25,2,4,8,1,1e-06,0.846,13,14.4902949
TR subspace,1.41058819216963,10,6.04570006389782e-07,0.0791299,22,2,4,8,2,1e-06,0.846,13,14.4902949
TR KSchur,1.41058819216994,13,5.1017729799398e-09,0.4397269,70,2,4,8,1,1e-06,0.846,13,14.4902949
TR KSchur,1.41058819216994,21,1.0640247893791e-07,0.3992373,102,2,4,8,2,1e-06,0.846,13,14.4902949
FDA subspace,-1,19,7.13334114230166e-07,0.154388,22,2,4,8,1,1e-06,0.846,14,14.9615872
FDA subspace,-1,10,5.35116873419701e-07,0.0848498,22,2,4,8,2,1e-06,0.846,14,14.9615872
TR subspace,1.41058819216984,22,4.10577501342902e-07,0.1476135,25,2,4,8,1,1e-06,0.846,14,14.9615872
TR subspace,1.41058819216963,10,6.04570006389782e-07,0.0789535,22,2,4,8,2,1e-06,0.846,14,14.9615872
TR KSchur,1.41058819216994,13,5.1017729799398e-09,0.4303836,70,2,4,8,1,1e-06,0.846,14,14.9615872
TR KSchur,1.41058819216994,21,1.0640247893791e-07,0.3942258,102,2,4,8,2,1e-06,0.846,14,14.9615872
FDA subspace,-1,19,7.13334114230166e-07,0.1297942,22,2,4,8,1,1e-06,0.846,15,14.4543943
FDA subspace,-1,10,5.35116873419701e-07,0.1027874,22,2,4,8,2,1e-06,0.846,15,14.4543943
TR subspace,1.41058819216984,22,4.10577501342902e-07,0.1522088,25,2,4,8,1,1e-06,0.846,15,14.4543943
TR subspace,1.41058819216963,10,6.04570006389782e-07,0.0793394,22,2,4,8,2,1e-06,0.846,15,14.4543943
TR KSchur,1.41058819216994,13,5.1017729799398e-09,0.4508991,70,2,4,8,1,1e-06,0.846,15,14.4543943
TR KSchur,1.41058819216994,21,1.0640247893791e-07,0.3961772,102,2,4,8,2,1e-06,0.846,15,14.4543943
FDA subspace,-1,19,7.13334114230166e-07,0.1370528,22,2,4,8,1,1e-06,0.846,16,14.3283685
FDA subspace,-1,10,5.35116873419701e-07,0.086184,22,2,4,8,2,1e-06,0.846,16,14.3283685
TR subspace,1.41058819216984,22,4.10577501342902e-07,0.1737188,25,2,4,8,1,1e-06,0.846,16,14.3283685
TR subspace,1.41058819216963,10,6.04570006389782e-07,0.0876713,22,2,4,8,2,1e-06,0.846,16,14.3283685
TR KSchur,1.41058819216994,13,5.1017729799398e-09,0.4349481,70,2,4,8,1,1e-06,0.846,16,14.3283685
TR KSchur,1.41058819216994,21,1.0640247893791e-07,0.3842876,102,2,4,8,2,1e-06,0.846,16,14.3283685
FDA subspace,-1,19,7.13334114230166e-07,0.1277024,22,2,4,8,1,1e-06,0.846,17,13.8650043
FDA subspace,-1,10,5.35116873419701e-07,0.0825559,22,2,4,8,2,1e-06,0.846,17,13.8650043
TR subspace,1.41058819216984,22,4.10577501342902e-07,0.1592301,25,2,4,8,1,1e-06,0.846,17,13.8650043
TR subspace,1.41058819216963,10,6.04570006389782e-07,0.0870426,22,2,4,8,2,1e-06,0.846,17,13.8650043
TR KSchur,1.41058819216994,13,5.1017729799398e-09,0.4349431,70,2,4,8,1,1e-06,0.846,17,13.8650043
TR KSchur,1.41058819216994,21,1.0640247893791e-07,0.3951032,102,2,4,8,2,1e-06,0.846,17,13.8650043
FDA subspace,-1,19,7.13334114230166e-07,0.167479,22,2,4,8,1,1e-06,0.846,18,14.2277086
FDA subspace,-1,10,5.35116873419701e-07,0.0880955,22,2,4,8,2,1e-06,0.846,18,14.2277086
TR subspace,1.41058819216984,22,4.10577501342902e-07,0.1599236,25,2,4,8,1,1e-06,0.846,18,14.2277086
TR subspace,1.41058819216963,10,6.04570006389782e-07,0.0791135,22,2,4,8,2,1e-06,0.846,18,14.2277086
TR KSchur,1.41058819216994,13,5.1017729799398e-09,0.4279948,70,2,4,8,1,1e-06,0.846,18,14.2277086
TR KSchur,1.41058819216994,21,1.0640247893791e-07,0.3919317,102,2,4,8,2,1e-06,0.846,18,14.2277086
FDA subspace,-1,19,7.13334114230166e-07,0.166567,22,2,4,8,1,1e-06,0.846,19,14.355349
FDA subspace,-1,10,5.35116873419701e-07,0.0809789,22,2,4,8,2,1e-06,0.846,19,14.355349
TR subspace,1.41058819216984,22,4.10577501342902e-07,0.1551004,25,2,4,8,1,1e-06,0.846,19,14.355349
TR subspace,1.41058819216963,10,6.04570006389782e-07,0.0825435,22,2,4,8,2,1e-06,0.846,19,14.355349
TR KSchur,1.41058819216994,13,5.1017729799398e-09,0.421456,70,2,4,8,1,1e-06,0.846,19,14.355349
TR KSchur,1.41058819216994,21,1.0640247893791e-07,0.3890897,102,2,4,8,2,1e-06,0.846,19,14.355349
FDA subspace,-1,19,7.13334114230166e-07,0.1324815,22,2,4,8,1,1e-06,0.846,20,14.2722894
FDA subspace,-1,10,5.35116873419701e-07,0.1089615,22,2,4,8,2,1e-06,0.846,20,14.2722894
TR subspace,1.41058819216984,22,4.10577501342902e-07,0.155013,25,2,4,8,1,1e-06,0.846,20,14.2722894
TR subspace,1.41058819216963,10,6.04570006389782e-07,0.0789644,22,2,4,8,2,1e-06,0.846,20,14.2722894
TR KSchur,1.41058819216994,13,5.1017729799398e-09,0.4402582,70,2,4,8,1,1e-06,0.846,20,14.2722894
TR KSchur,1.41058819216994,21,1.0640247893791e-07,0.3954027,102,2,4,8,2,1e-06,0.846,20,14.2722894
FDA subspace,-1,19,7.13334114230166e-07,0.1364282,22,2,4,8,1,1e-06,0.846,21,13.9534026
FDA subspace,-1,10,5.35116873419701e-07,0.0817403,22,2,4,8,2,1e-06,0.846,21,13.9534026
TR subspace,1.41058819216984,22,4.10577501342902e-07,0.1473176,25,2,4,8,1,1e-06,0.846,21,13.9534026
TR subspace,1.41058819216963,10,6.04570006389782e-07,0.0798752,22,2,4,8,2,1e-06,0.846,21,13.9534026
TR KSchur,1.41058819216994,13,5.1017729799398e-09,0.4299061,70,2,4,8,1,1e-06,0.846,21,13.9534026
TR KSchur,1.41058819216994,21,1.0640247893791e-07,0.3945019,102,2,4,8,2,1e-06,0.846,21,13.9534026
FDA subspace,-1,19,7.13334114230166e-07,0.1420451,22,2,4,8,1,1e-06,0.846,22,14.0430824
FDA subspace,-1,10,5.35116873419701e-07,0.0799021,22,2,4,8,2,1e-06,0.846,22,14.0430824
TR subspace,1.41058819216984,22,4.10577501342902e-07,0.1553807,25,2,4,8,1,1e-06,0.846,22,14.0430824
TR subspace,1.41058819216963,10,6.04570006389782e-07,0.0789339,22,2,4,8,2,1e-06,0.846,22,14.0430824
TR KSchur,1.41058819216994,13,5.1017729799398e-09,0.4490409,70,2,4,8,1,1e-06,0.846,22,14.0430824
TR KSchur,1.41058819216994,21,1.0640247893791e-07,0.3906292,102,2,4,8,2,1e-06,0.846,22,14.0430824
FDA subspace,-1,19,7.13334114230166e-07,0.1453087,22,2,4,8,1,1e-06,0.846,23,13.8728774
FDA subspace,-1,10,5.35116873419701e-07,0.0790514,22,2,4,8,2,1e-06,0.846,23,13.8728774
TR subspace,1.41058819216984,22,4.10577501342902e-07,0.1486181,25,2,4,8,1,1e-06,0.846,23,13.8728774
TR subspace,1.41058819216963,10,6.04570006389782e-07,0.0872086,22,2,4,8,2,1e-06,0.846,23,13.8728774
TR KSchur,1.41058819216994,13,5.1017729799398e-09,0.435216,70,2,4,8,1,1e-06,0.846,23,13.8728774
TR KSchur,1.41058819216994,21,1.0640247893791e-07,0.4143042,102,2,4,8,2,1e-06,0.846,23,13.8728774
FDA subspace,-1,19,7.13334114230166e-07,0.1412488,22,2,4,8,1,1e-06,0.846,24,14.1989466
FDA subspace,-1,10,5.35116873419701e-07,0.0788803,22,2,4,8,2,1e-06,0.846,24,14.1989466
TR subspace,1.41058819216984,22,4.10577501342902e-07,0.1491155,25,2,4,8,1,1e-06,0.846,24,14.1989466
TR subspace,1.41058819216963,10,6.04570006389782e-07,0.0793382,22,2,4,8,2,1e-06,0.846,24,14.1989466
TR KSchur,1.41058819216994,13,5.1017729799398e-09,0.4468734,70,2,4,8,1,1e-06,0.846,24,14.1989466
TR KSchur,1.41058819216994,21,1.0640247893791e-07,0.3966259,102,2,4,8,2,1e-06,0.846,24,14.1989466
FDA subspace,-1,19,7.13334114230166e-07,0.1904267,22,2,4,8,1,1e-06,0.846,25,13.7978823
FDA subspace,-1,10,5.35116873419701e-07,0.0789693,22,2,4,8,2,1e-06,0.846,25,13.7978823
TR subspace,1.41058819216984,22,4.10577501342902e-07,0.1550216,25,2,4,8,1,1e-06,0.846,25,13.7978823
TR subspace,1.41058819216963,10,6.04570006389782e-07,0.0830246,22,2,4,8,2,1e-06,0.846,25,13.7978823
TR KSchur,1.41058819216994,13,5.1017729799398e-09,0.4506002,70,2,4,8,1,1e-06,0.846,25,13.7978823
TR KSchur,1.41058819216994,21,1.0640247893791e-07,0.3844455,102,2,4,8,2,1e-06,0.846,25,13.7978823
FDA subspace,-1,19,7.13334114230166e-07,0.1404302,22,2,4,8,1,1e-06,0.846,26,14.4486404
FDA subspace,-1,10,5.35116873419701e-07,0.0815964,22,2,4,8,2,1e-06,0.846,26,14.4486404
TR subspace,1.41058819216984,22,4.10577501342902e-07,0.1787768,25,2,4,8,1,1e-06,0.846,26,14.4486404
TR subspace,1.41058819216963,10,6.04570006389782e-07,0.0821129,22,2,4,8,2,1e-06,0.846,26,14.4486404
TR KSchur,1.41058819216994,13,5.1017729799398e-09,0.4346792,70,2,4,8,1,1e-06,0.846,26,14.4486404
TR KSchur,1.41058819216994,21,1.0640247893791e-07,0.3828548,102,2,4,8,2,1e-06,0.846,26,14.4486404
FDA subspace,-1,19,7.13334114230166e-07,0.1384122,22,2,4,8,1,1e-06,0.846,27,14.7639001
FDA subspace,-1,10,5.35116873419701e-07,0.0787746,22,2,4,8,2,1e-06,0.846,27,14.7639001
TR subspace,1.41058819216984,22,4.10577501342902e-07,0.1464908,25,2,4,8,1,1e-06,0.846,27,14.7639001
TR subspace,1.41058819216963,10,6.04570006389782e-07,0.080483,22,2,4,8,2,1e-06,0.846,27,14.7639001
TR KSchur,1.41058819216994,13,5.1017729799398e-09,0.4423513,70,2,4,8,1,1e-06,0.846,27,14.7639001
TR KSchur,1.41058819216994,21,1.0640247893791e-07,0.3808663,102,2,4,8,2,1e-06,0.846,27,14.7639001
FDA subspace,-1,19,7.13334114230166e-07,0.1350898,22,2,4,8,1,1e-06,0.846,28,14.0457233
FDA subspace,-1,10,5.35116873419701e-07,0.0819344,22,2,4,8,2,1e-06,0.846,28,14.0457233
TR subspace,1.41058819216984,22,4.10577501342902e-07,0.1635178,25,2,4,8,1,1e-06,0.846,28,14.0457233
TR subspace,1.41058819216963,10,6.04570006389782e-07,0.0877647,22,2,4,8,2,1e-06,0.846,28,14.0457233
TR KSchur,1.41058819216994,13,5.1017729799398e-09,0.4362271,70,2,4,8,1,1e-06,0.846,28,14.0457233
TR KSchur,1.41058819216994,21,1.0640247893791e-07,0.4044689,102,2,4,8,2,1e-06,0.846,28,14.0457233
FDA subspace,-1,19,7.13334114230166e-07,0.1437051,22,2,4,8,1,1e-06,0.846,29,14.2627195
FDA subspace,-1,10,5.35116873419701e-07,0.1302807,22,2,4,8,2,1e-06,0.846,29,14.2627195
TR subspace,1.41058819216984,22,4.10577501342902e-07,0.1467352,25,2,4,8,1,1e-06,0.846,29,14.2627195
TR subspace,1.41058819216963,10,6.04570006389782e-07,0.0872274,22,2,4,8,2,1e-06,0.846,29,14.2627195
TR KSchur,1.41058819216994,13,5.1017729799398e-09,0.4183782,70,2,4,8,1,1e-06,0.846,29,14.2627195
TR KSchur,1.41058819216994,21,1.0640247893791e-07,0.3786053,102,2,4,8,2,1e-06,0.846,29,14.2627195
FDA subspace,-1,19,7.13334114230166e-07,0.1377666,22,2,4,8,1,1e-06,0.846,30,14.0455088
FDA subspace,-1,10,5.35116873419701e-07,0.0822408,22,2,4,8,2,1e-06,0.846,30,14.0455088
TR subspace,1.41058819216984,22,4.10577501342902e-07,0.1538594,25,2,4,8,1,1e-06,0.846,30,14.0455088
TR subspace,1.41058819216963,10,6.04570006389782e-07,0.0802263,22,2,4,8,2,1e-06,0.846,30,14.0455088
TR KSchur,1.41058819216994,13,5.1017729799398e-09,0.4374296,70,2,4,8,1,1e-06,0.846,30,14.0455088
TR KSchur,1.41058819216994,21,1.0640247893791e-07,0.4004024,102,2,4,8,2,1e-06,0.846,30,14.0455088
FDA subspace,-1,19,7.13334114230166e-07,0.1346651,22,2,4,8,1,1e-06,0.846,31,14.3039231
FDA subspace,-1,10,5.35116873419701e-07,0.1109298,22,2,4,8,2,1e-06,0.846,31,14.3039231
TR subspace,1.41058819216984,22,4.10577501342902e-07,0.1545761,25,2,4,8,1,1e-06,0.846,31,14.3039231
TR subspace,1.41058819216963,10,6.04570006389782e-07,0.0789867,22,2,4,8,2,1e-06,0.846,31,14.3039231
TR KSchur,1.41058819216994,13,5.1017729799398e-09,0.4388154,70,2,4,8,1,1e-06,0.846,31,14.3039231
TR KSchur,1.41058819216994,21,1.0640247893791e-07,0.3882746,102,2,4,8,2,1e-06,0.846,31,14.3039231
FDA subspace,-1,19,7.13334114230166e-07,0.1584793,22,2,4,8,1,1e-06,0.846,32,14.4021508
FDA subspace,-1,10,5.35116873419701e-07,0.0840082,22,2,4,8,2,1e-06,0.846,32,14.4021508
TR subspace,1.41058819216984,22,4.10577501342902e-07,0.154867,25,2,4,8,1,1e-06,0.846,32,14.4021508
TR subspace,1.41058819216963,10,6.04570006389782e-07,0.0848005,22,2,4,8,2,1e-06,0.846,32,14.4021508
TR KSchur,1.41058819216994,13,5.1017729799398e-09,0.4417605,70,2,4,8,1,1e-06,0.846,32,14.4021508
TR KSchur,1.41058819216994,21,1.0640247893791e-07,0.3946775,102,2,4,8,2,1e-06,0.846,32,14.4021508
FDA subspace,-1,19,7.13334114230166e-07,0.1412165,22,2,4,8,1,1e-06,0.846,33,14.1461097
FDA subspace,-1,10,5.35116873419701e-07,0.0792834,22,2,4,8,2,1e-06,0.846,33,14.1461097
TR subspace,1.41058819216984,22,4.10577501342902e-07,0.1534845,25,2,4,8,1,1e-06,0.846,33,14.1461097
TR subspace,1.41058819216963,10,6.04570006389782e-07,0.0877313,22,2,4,8,2,1e-06,0.846,33,14.1461097
TR KSchur,1.41058819216994,13,5.1017729799398e-09,0.4494117,70,2,4,8,1,1e-06,0.846,33,14.1461097
TR KSchur,1.41058819216994,21,1.0640247893791e-07,0.3949039,102,2,4,8,2,1e-06,0.846,33,14.1461097
FDA subspace,-1,19,7.13334114230166e-07,0.1361645,22,2,4,8,1,1e-06,0.846,34,13.9122778
FDA subspace,-1,10,5.35116873419701e-07,0.1333078,22,2,4,8,2,1e-06,0.846,34,13.9122778
TR subspace,1.41058819216984,22,4.10577501342902e-07,0.1583153,25,2,4,8,1,1e-06,0.846,34,13.9122778
TR subspace,1.41058819216963,10,6.04570006389782e-07,0.0853995,22,2,4,8,2,1e-06,0.846,34,13.9122778
TR KSchur,1.41058819216994,13,5.1017729799398e-09,0.4260657,70,2,4,8,1,1e-06,0.846,34,13.9122778
TR KSchur,1.41058819216994,21,1.0640247893791e-07,0.3815602,102,2,4,8,2,1e-06,0.846,34,13.9122778
FDA subspace,-1,19,7.13334114230166e-07,0.1309871,22,2,4,8,1,1e-06,0.846,35,14.35138
FDA subspace,-1,10,5.35116873419701e-07,0.1020184,22,2,4,8,2,1e-06,0.846,35,14.35138
TR subspace,1.41058819216984,22,4.10577501342902e-07,0.157206,25,2,4,8,1,1e-06,0.846,35,14.35138
TR subspace,1.41058819216963,10,6.04570006389782e-07,0.0792341,22,2,4,8,2,1e-06,0.846,35,14.35138
TR KSchur,1.41058819216994,13,5.1017729799398e-09,0.4291954,70,2,4,8,1,1e-06,0.846,35,14.35138
TR KSchur,1.41058819216994,21,1.0640247893791e-07,0.3862513,102,2,4,8,2,1e-06,0.846,35,14.35138
FDA subspace,-1,19,7.13334114230166e-07,0.1520667,22,2,4,8,1,1e-06,0.846,36,14.00572
FDA subspace,-1,10,5.35116873419701e-07,0.0893499,22,2,4,8,2,1e-06,0.846,36,14.00572
TR subspace,1.41058819216984,22,4.10577501342902e-07,0.1607716,25,2,4,8,1,1e-06,0.846,36,14.00572
TR subspace,1.41058819216963,10,6.04570006389782e-07,0.0806163,22,2,4,8,2,1e-06,0.846,36,14.00572
TR KSchur,1.41058819216994,13,5.1017729799398e-09,0.4428126,70,2,4,8,1,1e-06,0.846,36,14.00572
TR KSchur,1.41058819216994,21,1.0640247893791e-07,0.39388,102,2,4,8,2,1e-06,0.846,36,14.00572
FDA subspace,-1,19,7.13334114230166e-07,0.1377307,22,2,4,8,1,1e-06,0.846,37,13.9945711
FDA subspace,-1,10,5.35116873419701e-07,0.0876849,22,2,4,8,2,1e-06,0.846,37,13.9945711
TR subspace,1.41058819216984,22,4.10577501342902e-07,0.1568995,25,2,4,8,1,1e-06,0.846,37,13.9945711
TR subspace,1.41058819216963,10,6.04570006389782e-07,0.0822788,22,2,4,8,2,1e-06,0.846,37,13.9945711
TR KSchur,1.41058819216994,13,5.1017729799398e-09,0.4515835,70,2,4,8,1,1e-06,0.846,37,13.9945711
TR KSchur,1.41058819216994,21,1.0640247893791e-07,0.4019443,102,2,4,8,2,1e-06,0.846,37,13.9945711
FDA subspace,-1,19,7.13334114230166e-07,0.136987,22,2,4,8,1,1e-06,0.846,38,14.0157403
FDA subspace,-1,10,5.35116873419701e-07,0.1294609,22,2,4,8,2,1e-06,0.846,38,14.0157403
TR subspace,1.41058819216984,22,4.10577501342902e-07,0.1528291,25,2,4,8,1,1e-06,0.846,38,14.0157403
TR subspace,1.41058819216963,10,6.04570006389782e-07,0.0791624,22,2,4,8,2,1e-06,0.846,38,14.0157403
TR KSchur,1.41058819216994,13,5.1017729799398e-09,0.4428,70,2,4,8,1,1e-06,0.846,38,14.0157403
TR KSchur,1.41058819216994,21,1.0640247893791e-07,0.3830319,102,2,4,8,2,1e-06,0.846,38,14.0157403
FDA subspace,-1,19,7.13334114230166e-07,0.1451383,22,2,4,8,1,1e-06,0.846,39,14.3040166
FDA subspace,-1,10,5.35116873419701e-07,0.0866307,22,2,4,8,2,1e-06,0.846,39,14.3040166
TR subspace,1.41058819216984,22,4.10577501342902e-07,0.147638,25,2,4,8,1,1e-06,0.846,39,14.3040166
TR subspace,1.41058819216963,10,6.04570006389782e-07,0.080806,22,2,4,8,2,1e-06,0.846,39,14.3040166
TR KSchur,1.41058819216994,13,5.1017729799398e-09,0.4429623,70,2,4,8,1,1e-06,0.846,39,14.3040166
TR KSchur,1.41058819216994,21,1.0640247893791e-07,0.3888647,102,2,4,8,2,1e-06,0.846,39,14.3040166
FDA subspace,-1,19,7.13334114230166e-07,0.1551552,22,2,4,8,1,1e-06,0.846,40,14.1505432
FDA subspace,-1,10,5.35116873419701e-07,0.085199,22,2,4,8,2,1e-06,0.846,40,14.1505432
TR subspace,1.41058819216984,22,4.10577501342902e-07,0.1581463,25,2,4,8,1,1e-06,0.846,40,14.1505432
TR subspace,1.41058819216963,10,6.04570006389782e-07,0.080949,22,2,4,8,2,1e-06,0.846,40,14.1505432
TR KSchur,1.41058819216994,13,5.1017729799398e-09,0.4431015,70,2,4,8,1,1e-06,0.846,40,14.1505432
TR KSchur,1.41058819216994,21,1.0640247893791e-07,0.4053538,102,2,4,8,2,1e-06,0.846,40,14.1505432
FDA subspace,-1,19,7.13334114230166e-07,0.1368463,22,2,4,8,1,1e-06,0.846,41,14.2179369
FDA subspace,-1,10,5.35116873419701e-07,0.0788396,22,2,4,8,2,1e-06,0.846,41,14.2179369
TR subspace,1.41058819216984,22,4.10577501342902e-07,0.1764452,25,2,4,8,1,1e-06,0.846,41,14.2179369
TR subspace,1.41058819216963,10,6.04570006389782e-07,0.0866037,22,2,4,8,2,1e-06,0.846,41,14.2179369
TR KSchur,1.41058819216994,13,5.1017729799398e-09,0.420102,70,2,4,8,1,1e-06,0.846,41,14.2179369
TR KSchur,1.41058819216994,21,1.0640247893791e-07,0.3871667,102,2,4,8,2,1e-06,0.846,41,14.2179369
FDA subspace,-1,19,7.13334114230166e-07,0.1327997,22,2,4,8,1,1e-06,0.846,42,14.0393861
FDA subspace,-1,10,5.35116873419701e-07,0.0789101,22,2,4,8,2,1e-06,0.846,42,14.0393861
TR subspace,1.41058819216984,22,4.10577501342902e-07,0.2344227,25,2,4,8,1,1e-06,0.846,42,14.0393861
TR subspace,1.41058819216963,10,6.04570006389782e-07,0.0811949,22,2,4,8,2,1e-06,0.846,42,14.0393861
TR KSchur,1.41058819216994,13,5.1017729799398e-09,0.4459699,70,2,4,8,1,1e-06,0.846,42,14.0393861
TR KSchur,1.41058819216994,21,1.0640247893791e-07,0.3981743,102,2,4,8,2,1e-06,0.846,42,14.0393861
FDA subspace,-1,19,7.13334114230166e-07,0.1460181,22,2,4,8,1,1e-06,0.846,43,14.541559
FDA subspace,-1,10,5.35116873419701e-07,0.0882352,22,2,4,8,2,1e-06,0.846,43,14.541559
TR subspace,1.41058819216984,22,4.10577501342902e-07,0.1535951,25,2,4,8,1,1e-06,0.846,43,14.541559
TR subspace,1.41058819216963,10,6.04570006389782e-07,0.0845987,22,2,4,8,2,1e-06,0.846,43,14.541559
TR KSchur,1.41058819216994,13,5.1017729799398e-09,0.424448,70,2,4,8,1,1e-06,0.846,43,14.541559
TR KSchur,1.41058819216994,21,1.0640247893791e-07,0.3875637,102,2,4,8,2,1e-06,0.846,43,14.541559
FDA subspace,-1,19,7.13334114230166e-07,0.1297553,22,2,4,8,1,1e-06,0.846,44,14.1290436
FDA subspace,-1,10,5.35116873419701e-07,0.0820845,22,2,4,8,2,1e-06,0.846,44,14.1290436
TR subspace,1.41058819216984,22,4.10577501342902e-07,0.1588266,25,2,4,8,1,1e-06,0.846,44,14.1290436
TR subspace,1.41058819216963,10,6.04570006389782e-07,0.0800121,22,2,4,8,2,1e-06,0.846,44,14.1290436
TR KSchur,1.41058819216994,13,5.1017729799398e-09,0.4178918,70,2,4,8,1,1e-06,0.846,44,14.1290436
TR KSchur,1.41058819216994,21,1.0640247893791e-07,0.3993147,102,2,4,8,2,1e-06,0.846,44,14.1290436
FDA subspace,-1,19,7.13334114230166e-07,0.1441912,22,2,4,8,1,1e-06,0.846,45,14.4542061
FDA subspace,-1,10,5.35116873419701e-07,0.0795429,22,2,4,8,2,1e-06,0.846,45,14.4542061
TR subspace,1.41058819216984,22,4.10577501342902e-07,0.1504764,25,2,4,8,1,1e-06,0.846,45,14.4542061
TR subspace,1.41058819216963,10,6.04570006389782e-07,0.087085,22,2,4,8,2,1e-06,0.846,45,14.4542061
TR KSchur,1.41058819216994,13,5.1017729799398e-09,0.451511,70,2,4,8,1,1e-06,0.846,45,14.4542061
TR KSchur,1.41058819216994,21,1.0640247893791e-07,0.3821585,102,2,4,8,2,1e-06,0.846,45,14.4542061
FDA subspace,-1,19,7.13334114230166e-07,0.1711918,22,2,4,8,1,1e-06,0.846,46,16.5759184
FDA subspace,-1,10,5.35116873419701e-07,0.0877546,22,2,4,8,2,1e-06,0.846,46,16.5759184
TR subspace,1.41058819216984,22,4.10577501342902e-07,0.1709968,25,2,4,8,1,1e-06,0.846,46,16.5759184
TR subspace,1.41058819216963,10,6.04570006389782e-07,0.0901714,22,2,4,8,2,1e-06,0.846,46,16.5759184
TR KSchur,1.41058819216994,13,5.1017729799398e-09,0.4617608,70,2,4,8,1,1e-06,0.846,46,16.5759184
TR KSchur,1.41058819216994,21,1.0640247893791e-07,0.4192941,102,2,4,8,2,1e-06,0.846,46,16.5759184
FDA subspace,-1,19,7.13334114230166e-07,0.167397,22,2,4,8,1,1e-06,0.846,47,14.233495
FDA subspace,-1,10,5.35116873419701e-07,0.0882207,22,2,4,8,2,1e-06,0.846,47,14.233495
TR subspace,1.41058819216984,22,4.10577501342902e-07,0.1665887,25,2,4,8,1,1e-06,0.846,47,14.233495
TR subspace,1.41058819216963,10,6.04570006389782e-07,0.0874976,22,2,4,8,2,1e-06,0.846,47,14.233495
TR KSchur,1.41058819216994,13,5.1017729799398e-09,0.4337989,70,2,4,8,1,1e-06,0.846,47,14.233495
TR KSchur,1.41058819216994,21,1.0640247893791e-07,0.3936594,102,2,4,8,2,1e-06,0.846,47,14.233495
FDA subspace,-1,19,7.13334114230166e-07,0.1324407,22,2,4,8,1,1e-06,0.846,48,14.6189916
FDA subspace,-1,10,5.35116873419701e-07,0.0784267,22,2,4,8,2,1e-06,0.846,48,14.6189916
TR subspace,1.41058819216984,22,4.10577501342902e-07,0.1888454,25,2,4,8,1,1e-06,0.846,48,14.6189916
TR subspace,1.41058819216963,10,6.04570006389782e-07,0.0819339,22,2,4,8,2,1e-06,0.846,48,14.6189916
TR KSchur,1.41058819216994,13,5.1017729799398e-09,0.4312603,70,2,4,8,1,1e-06,0.846,48,14.6189916
TR KSchur,1.41058819216994,21,1.0640247893791e-07,0.4296038,102,2,4,8,2,1e-06,0.846,48,14.6189916
FDA subspace,-1,19,7.13334114230166e-07,0.1378687,22,2,4,8,1,1e-06,0.846,49,14.1607466
FDA subspace,-1,10,5.35116873419701e-07,0.0835801,22,2,4,8,2,1e-06,0.846,49,14.1607466
TR subspace,1.41058819216984,22,4.10577501342902e-07,0.150318,25,2,4,8,1,1e-06,0.846,49,14.1607466
TR subspace,1.41058819216963,10,6.04570006389782e-07,0.0825653,22,2,4,8,2,1e-06,0.846,49,14.1607466
TR KSchur,1.41058819216994,13,5.1017729799398e-09,0.4291196,70,2,4,8,1,1e-06,0.846,49,14.1607466
TR KSchur,1.41058819216994,21,1.0640247893791e-07,0.3973831,102,2,4,8,2,1e-06,0.846,49,14.1607466
FDA subspace,-1,19,7.13334114230166e-07,0.1467927,22,2,4,8,1,1e-06,0.846,50,18.3660858
FDA subspace,-1,10,5.35116873419701e-07,0.1289092,22,2,4,8,2,1e-06,0.846,50,18.3660858
TR subspace,1.41058819216984,22,4.10577501342902e-07,0.1614095,25,2,4,8,1,1e-06,0.846,50,18.3660858
TR subspace,1.41058819216963,10,6.04570006389782e-07,0.087792,22,2,4,8,2,1e-06,0.846,50,18.3660858
TR KSchur,1.41058819216994,13,5.1017729799398e-09,0.4480731,70,2,4,8,1,1e-06,0.846,50,18.3660858
TR KSchur,1.41058819216994,21,1.0640247893791e-07,0.4270099,102,2,4,8,2,1e-06,0.846,50,18.3660858
